1,Blockchain Developer,BangBit Technologies,0,3,NA,NA,"IT Skills,Javascript,Web application development,Application support,Networking,Architecture,IT consulting,Javascript",1,1,1,0,0,0,0,0,0,1,1,1,0,0,1,0,1,1,0,0,0,0,0,0,0,0,0,0,0,0,0
2,Blockchain Developer,Appinventiv Technologies Pvt Ltd,1,4,5,15,"IT Skills,Javascript,Crypto Wallets,Life Cycle,GIT,Solidity,Design Patterns,Ethereum",1,0,0,0,0,0,0,0,0,0,1,0,0,0,0,0,0,0,0,0,0,0,0,0,0,0,0,0,0,0,0
3,Blockchain Developer,Block Shrinkhala Technologies LLP,3,6,NA,NA,"IT Skills,Python,DevOps,Node.js,Javascript,AWS,Rabbitmq,Hyperledger",0,0,1,0,0,1,0,0,0,1,1,0,0,1,0,0,0,0,0,0,0,0,0,0,0,0,0,0,0,0,0
4,Blockchain Developer/Trainer - Solidity/Ethereum,DATA LABS,1,5,NA,NA,"IT Skills,Javascript,Git,Blockchain Implementation,Solidity,Linux,TDD,Hyperledger",1,0,1,0,0,0,0,0,0,0,1,0,0,0,0,0,0,0,0,0,0,0,0,0,0,0,0,0,0,0,0
5,Blockchain Developer,Monkhub,1,3,NA,NA,"IT Skills,Java,Cloud,Javascript,AWS,Azure,C#, programming Language",0,0,1,0,1,0,0,1,0,0,1,0,0,0,0,0,0,0,0,0,0,0,0,0,0,1,0,0,0,0,0
6,Blockchain Developer,Innoplexus Consulting Services Private Limited,4,6,NA,NA,"IT Skills,Python,Hyper Ledger,python,GO Language,Design Development,blockchain,Go",0,0,0,1,0,1,0,0,0,0,0,0,0,0,0,0,0,0,0,0,0,0,0,0,0,0,0,0,0,0,0
7,Blockchain Developer (hyperledger Fabric) @ Chennai,OASYS Cybernetics Pvt Ltd.,4,9,7,12,"IT Skills,Software Development,AWS,Angular 6,Node.Js,Hyperledge fabric",0,0,1,0,0,0,0,0,0,1,0,0,0,0,0,0,0,0,0,0,0,0,0,0,0,0,0,0,0,0,0
8,Blockchain Architect,Axim Technologies,6,10,NA,NA,"Blockchain,Ethereum,JavaScript,Go,Node.js,Web3JS,Blockchain Architect,RAFT",1,0,1,0,0,0,0,0,0,0,1,0,0,0,0,0,0,0,0,0,0,0,0,0,0,1,0,0,0,0,0
9,Blockchain Developer - Java/python,Okda Solutions,4,8,NA,NA,"IT Skills,Java,Python,RESTful API,Golang,Java,Blockchain,Python",1,0,0,1,1,1,0,0,0,1,1,0,0,0,0,0,1,0,0,0,0,0,0,0,0,0,0,0,0,0,0
10,Software Research Engineers/ Architects Blockchain Products,CareerXperts Consulting,1,5,NA,NA,"Performance tuning,NoSQL,Operating systems,Agile,Data structures,Sensors,Troubleshooting,Distribution system",0,0,0,1,0,0,0,0,1,0,0,0,0,0,0,0,0,0,0,0,0,0,0,0,0,0,0,0,0,0,1
11,BlockChain Architect - Advisor/Consultant,Globallogic India Ltd,12,18,NA,NA,"Java,Algorithms,NoSQL,Docker,blockchain,AWS,Devops,Python",1,0,1,1,1,1,0,0,0,0,0,0,0,0,0,0,0,0,0,0,0,0,0,0,0,1,0,0,0,0,1
12,Opportunity For Blockchain Developers - 8K Miles Software,8K Miles Software Services Limited,2,7,NA,NA,"Java,Hyperledger,Blockchain,Ethereum,Corda,Bitcoin,Javascript,Node.Js",1,0,1,1,1,0,0,0,0,1,1,1,0,0,0,0,0,0,0,0,1,0,0,0,0,0,0,0,0,0,0
13,Software Engineer - Blockchain,Lightrains Technolabs Pvt Ltd,2,5,NA,NA,"Prototype,Programming,Open source,Cryptography",0,0,0,0,0,0,0,0,0,0,1,0,0,0,0,0,0,0,1,0,0,0,0,0,0,0,0,0,0,0,0
14,Greenfield Blockchain Empathetic Polyglots Industry Impact,CareerXperts Consulting,5,8,NA,NA,"Computer science,Object oriented design,devops,Chef,SCALA,Javascript,Manager Technology,Data structures",0,0,1,1,1,1,1,0,0,0,1,0,0,1,0,0,0,0,0,0,0,0,0,1,0,0,0,0,1,0,1
15,Blockchain software engineer,"People First Consultants Pvt Ltd.,",1,6,NA,NA,"blockchain development,Software Engineering,blockchain developer",0,0,0,0,0,0,0,0,0,1,0,0,0,0,0,0,0,0,0,0,0,0,0,0,0,0,0,0,0,0,0
16,BLOCKCHAIN DEVELOPER REQUIRED IN HYDERABAD,Saffron Consultancy Services(scs),0,5,NA,NA,"assembly language,Six Sigma,PMP,JavaScript,Real Time Operating Systems,.NET,HTML,Oracle",0,0,0,1,0,0,0,0,0,0,1,0,0,0,0,0,0,0,0,0,0,0,0,0,0,0,0,0,0,0,0
17,Blockchain Developer,Block Gemini,5,7,NA,NA,"Node.js,Hyperledger, MEAN stack, Blockchain",0,0,0,0,0,0,0,0,0,1,0,0,0,0,0,0,0,0,0,0,0,0,0,0,0,0,0,0,0,0,0
18,Senior Engineer  -  Blockchain,Talent Zone Consultant,3,6,NA,NA,"Payment systems,Key management,Cryptography,microservices",0,1,1,0,0,0,0,0,0,0,1,0,1,0,0,0,1,0,0,0,0,0,1,0,0,0,0,0,0,0,0
19,BlockChain Developer,Han Digital Solution (P),3,8,NA,NA,BlockChain Developer,0,0,1,0,0,0,0,0,0,1,1,1,0,0,0,0,0,0,0,0,1,0,0,0,0,0,0,0,0,0,0
20,Technical Lead - Blockchain Implementation,Quill Hash Technologies,2,6,NA,NA,"Golang,CryptoCurrency,C++,Emerging Technologies,Blockchain Implementation,Solidity,Blockchain,Ethereum",1,0,0,0,0,0,0,1,0,0,1,0,0,0,0,0,0,0,1,0,0,0,1,0,0,0,0,0,1,0,0
21,Game Developer - Crypto / Blockchain / DeFi,SOMISH SOLUTIONS LIMITED,3,6,NA,NA,"virtual reality,gaming,crypto games,DeFi,gaming system development,Game development,tron,cryptocurrencies",0,0,0,1,0,0,0,0,0,1,1,0,0,0,0,0,0,0,0,0,0,0,0,0,0,0,0,0,0,0,0
22,Blockchain Developer ( Virtual/ Work from Home),Axim Technologies,3,5,NA,NA,"IT Skills,Java,Python,work from home,RESTful API,Java,Hyperledger,Blockchain",1,0,0,1,1,1,0,0,0,1,1,0,0,0,0,0,1,0,0,0,0,0,0,0,0,0,0,0,0,0,0
23,Senior Blockchain Developer,CRUBN,2,7,NA,NA,"Software Development,Solidity,Hyperledger,Ethereum,Corda,Javascript,Smart Contracts,Software Design",1,0,1,1,0,1,0,0,0,1,1,1,0,0,0,0,0,0,0,0,0,0,0,0,0,0,0,0,1,0,1
24,Blockchain Developers,Blockchain TechTeam,7,12,NA,NA,Blockchain Developers,0,0,0,0,0,0,0,0,0,0,1,0,0,0,0,0,0,0,0,0,0,0,0,0,0,0,0,0,0,0,0
25,Manager/ Assistant Manager - Blockchain/ Hyperledger,Huquo Consulting Pvt. Ltd,3,8,NA,NA,"Multithreading,Hyperledger,Blockchain,Ethereum,Agile,Cryptography,Algorithm,Data Structure",0,0,0,0,0,0,0,0,0,0,1,1,0,0,0,0,0,0,0,0,0,0,0,0,0,0,0,0,0,0,0
26,Blockchain Developer - Cryptography /distributed Database,Panaesha Capital pvt ltd,2,7,NA,NA,"Emerging Technologies,Blockchain Implementation,Blockchain,Node.js,JSON,Blockchain Architect,Cryptography,Algorithm",1,0,1,1,0,0,0,0,0,0,0,0,0,0,0,0,0,0,0,0,0,0,0,0,0,0,0,0,0,0,0
27,Technical Architect - Node.js/ Blockchain,Panaesha Capital pvt ltd,7,12,NA,NA,"Technical Architect,Java,Spring MVC,Docker,Blockchain,Node.js,Java / J2EE Architect,J2EE",1,0,1,1,1,0,0,0,0,0,0,0,0,0,0,0,0,0,0,0,0,0,0,0,0,0,0,0,0,0,1
28,Are you ready a in BlockChain CS Polyglots,CareerXperts Consulting,2,6,NA,NA,"Agile scrum,Web development,Agile,Programming,Data structures,MongoDB,Cryptography,Distribution system",0,0,0,0,1,1,0,0,1,0,0,0,0,0,0,0,0,0,0,0,0,0,0,1,0,1,0,0,0,0,1
29,Blockchain Developer - Hyperledger,Careerera,3,5,NA,NA,"Version control,Linux,MIS,J2Ee,HTML,Customer support,Troubleshooting,Monitoring",1,0,1,1,1,0,0,0,0,1,1,1,0,1,0,0,0,0,1,0,1,0,0,1,0,0,0,0,0,0,1
30,Blockchain Developer,Globalapt Technologies,3,8,NA,NA,"Unix,C++,GIT,Linux,MySQL,SCALA,Database,SSH",1,0,0,0,0,1,1,1,0,1,1,0,0,0,0,0,1,0,0,0,0,0,0,0,0,0,0,0,0,0,0
31,Blockchain Developer,SimplyFI Softech India Pvt. Ltd.,1,2,NA,NA,GIT,0,0,0,0,0,0,0,0,0,0,1,0,0,0,0,0,0,0,0,0,0,0,0,0,0,0,0,0,0,0,0
32,Blockchain Developer,Team4Progress,2,6,NA,NA,"Data structures,Research,Open source,Cryptography,Testing",0,0,0,0,1,0,0,0,0,0,0,0,0,0,0,0,0,0,0,0,0,0,0,0,0,0,0,0,0,0,0
33,Java Developer (Blockchain / DLT / Springboot),Talent Toppers,3,5,NA,NA,"Hibernate,Tomcat,JBoss,Testing tools,Java J2Ee Developer,Weblogic,Eclipse,Javascript",0,0,1,0,1,0,0,0,0,1,1,1,0,0,1,0,0,0,0,0,0,0,0,0,0,1,0,0,1,0,0
34,Blockchain developer,Belfrics Cryptex Pvt Ltd,3,6,NA,NA,"Hibernate,Spring framework,Memory management,transaction management,Javascript,Swaps,Management,Cryptography",0,0,0,0,1,0,0,0,0,0,0,0,0,0,0,0,0,0,0,0,0,0,0,0,0,0,0,0,1,0,0
35,Blockchain Developer,BangBit Technologies,1,3,NA,NA,"Web application development,Application support,Usage,Networking,Architecture,IT consulting,Javascript,Deployment",1,1,1,0,0,0,0,0,0,1,1,1,0,0,1,0,1,0,0,0,1,0,0,0,0,0,0,0,0,0,0
36,Greenfield Blockchain,CareerXperts Consulting,5,10,NA,NA,"Computer science,Object oriented design,devops,Chef,Consulting,SCALA,Javascript,Manager Technology",0,0,1,1,1,1,1,0,0,0,1,0,0,1,0,0,0,0,0,0,0,0,0,1,0,0,0,0,1,0,1
37,Blockchain Developer,BangBit Technologies,1,3,NA,NA,"Web application development,Networking,Architecture,Javascript,Deployment,Cryptography,Testing",1,1,1,0,0,0,0,0,0,1,1,1,0,0,1,0,1,0,0,0,1,0,0,0,0,0,0,0,0,0,0
38,Blockchain Consulting,HR Devi and Associates,2,5,NA,NA,"ERP,Business Analysts,C,Architects,HTML,blockchain consulting,SQL,Six Sigma",0,0,1,0,0,1,0,0,0,0,0,0,0,0,0,0,0,0,0,0,0,0,0,0,0,1,0,0,0,0,0
39,Blockchain Developer,Careerera,7,12,NA,NA,"HR,HTTP,Customer support,Research,Information technology,Monitoring,Software services,Testing",0,0,0,0,1,0,0,0,0,0,0,0,0,0,0,0,0,0,0,0,0,0,0,0,0,0,0,0,0,0,0
40,Blockchain Security Expert,Linkfields,5,10,6.5,13,"Protocol Testing,Software Development,Algorithms,Open Source,blockchain,Programming,Software Validation",0,0,0,0,0,0,0,0,1,0,0,0,0,0,0,0,0,0,0,0,0,0,0,1,0,0,0,0,0,0,0
41,SE / SSE ( Blockchain),Tanla Solutions Limited,3,5,NA,NA,"Blockchain,Go,NodeJS,Python",0,0,1,1,0,1,0,1,0,1,1,0,0,1,0,0,0,0,0,0,0,0,0,0,0,0,0,0,0,0,0
42,Blockchain Developer,S2S SOFTWARE SOLUTIONS,1,5,NA,NA,"Architecture,MongoDB,Business Executive,Supervision,Python,Testing",1,0,1,0,0,1,0,0,0,0,1,0,0,0,0,0,0,0,0,0,0,0,0,0,0,0,0,0,0,0,1
43,Blockchain Architect/Developer,albanero,9,14,NA,NA,"Unix,Computer science,C++,Linux,RDBMS,Shell scripting,JSON,Open source",1,0,1,1,1,1,0,1,0,1,0,0,0,0,0,0,1,0,0,0,0,0,0,0,0,0,0,0,0,0,0
44,Blockchain Developer,Weblink Solutions,3,8,NA,NA,"algorithms,Architecture,Data structures,developing,messaging,Computer science,Version control,GIT",0,0,1,0,1,0,0,0,0,0,1,0,0,1,0,0,0,0,0,0,0,0,0,1,0,0,0,0,0,0,0
45,Blockchain Architect,Careerera,3,8,NA,NA,"Architect,Fabric programming,PAAS,Banking,Cloud,Customer support,Cryptography,angularjs",0,0,1,1,0,0,0,0,0,1,0,0,0,0,0,0,0,0,0,0,0,0,0,0,0,1,0,0,0,0,0
46,Blockchain Developer - Ethereum/ Node.js,Benchire,2,6,NA,NA,"RESTful API,Docker,Blockchain Implementation,Blockchain,Ethereum,RESTful Webservices,Node.js,Blockchain Architect",0,0,1,0,0,0,0,0,0,0,1,0,0,0,0,0,0,0,0,0,0,0,0,0,0,1,0,0,0,0,1
47,Blockchain Developer - Ethereum/node.js,Benchire,2,6,NA,NA,"RESTful API,Blockchain Implementation,Blockchain,RESTful Webservices,Node.js,Algorithm,Cloud Infrastructure,MS Azure",0,0,1,0,0,0,0,0,0,0,1,0,0,0,0,0,0,0,0,0,0,0,0,0,0,1,0,0,0,0,1
48,Blockchain Developer,WhiteCode,2,7,NA,NA,"github,Version control,GIT,Agile scrum,Architecture,TDD,Javascript,Agile",1,0,0,0,0,0,0,0,0,1,1,0,0,1,0,0,0,0,0,0,0,0,0,0,0,0,0,0,0,0,0
49,Architect - Blockchain,Careerera,10,12,NA,NA,"Supply chain,Computer science,C++,Javascript,Customer support,Application security,Cryptography,Monitoring",0,0,1,1,1,1,0,1,0,1,0,1,0,0,0,0,0,0,0,0,0,0,0,0,0,1,0,0,0,0,0
50,Opportunities For Blockchain Professionals at Pune,NTT DATA GLOBAL DELIVERY SERVICES PRIVATE LIMITED,4,8,NA,NA,"blockchain,poc developer,POC Development,poc programming",0,0,0,0,1,0,0,0,0,0,0,0,0,0,0,0,0,0,0,0,0,0,0,0,0,0,0,0,0,0,0
51,Blockchain Developer,Virtual Gain Technologies Pvt. Ltd.,3,7,NA,NA,"Distribution System,Java,node,c++,blockchain programming,Protocol Designing,blockchain node,Node.Js",1,0,1,1,1,1,0,1,0,1,1,0,0,0,0,0,0,0,0,0,0,0,0,0,0,1,0,0,0,0,0
52,Blockchain Developers,Tokyo Techie,5,10,NA,NA,"development,Networking,ECC,technical,software,JSON,mca,Management",1,0,1,0,0,0,0,0,0,1,1,0,0,0,0,0,0,0,0,0,0,0,0,0,0,0,1,0,0,0,0
53,Blockchain Developer,Perscitus Solution,2,4,NA,NA,"Manager Technology,Application development",1,0,0,0,1,0,0,0,0,1,1,0,0,0,0,0,1,0,0,0,0,0,0,0,0,0,0,0,0,0,0
54,Blockchain Developer,Piller Soft Technology,3,7,NA,NA,"Spring,ORMS",0,0,0,0,1,0,0,0,0,0,0,0,0,0,0,0,0,0,0,0,0,0,0,0,0,0,0,0,0,0,0
55,"Urgent hiring For Blockchain Hyperledger Indy, Ursa, Aries",Mindaquest Business Solution Pvt Ltd,10,15,NA,NA,"Hyperledger,Blockchain",0,0,0,0,1,0,0,0,0,1,0,0,0,0,0,0,0,0,0,0,0,0,0,0,0,1,0,0,1,0,1
56,Blockchain Developer,SequoiaAT India Private Limited,2,5,NA,NA,"Wireless,GIT,Networking,Staffing,Social networking,Javascript,Manager Technology,Customer service",0,0,1,0,0,0,0,0,0,0,0,0,0,0,0,0,0,0,0,0,0,0,0,0,0,0,0,0,1,0,0
57,Blockchain Developer,Augusta Hitech Soft Solutions,2,7,NA,NA,"development,code,Architecture,technical,software,Linux troubleshooting,mobile,Windows",1,0,1,0,0,0,0,0,0,0,0,0,0,0,0,0,0,0,0,0,0,0,0,0,0,0,0,0,1,0,0
58,Blockchain Developer,Toshblocks,1,5,NA,NA,"C++,development,software,EOS,Data structures,Computer science,Algorithms,Wordpress",0,0,0,0,0,0,0,1,0,0,1,0,0,1,0,0,0,0,0,0,0,0,0,0,0,0,0,0,0,0,0
59,Blockchain Developers,Blockchainapp Factory,2,5,NA,NA,"SAN,algorithms,C++,development,c,code,technical,Cook",0,0,1,1,1,0,0,1,0,1,1,0,0,0,0,0,0,0,0,0,0,0,0,0,0,0,0,0,0,0,0
60,Blockchain Developer,Secninjaz,5,10,NA,NA,"C++,jQuery,Linux,Networking,Solaris,RDBMS,XML,PHP",1,0,1,1,1,1,0,1,1,1,1,0,0,1,0,0,0,0,1,0,0,0,0,0,0,0,0,0,1,0,0
61,Blockchain Architect - Deploying System,3D India Staffing Research  Consulting Pvt Ltd,3,6,NA,NA,"Architect,Software Development,BlockChain,Javascript,Agile,SDLC",0,0,1,1,0,0,0,0,1,0,0,0,0,0,0,0,0,0,0,0,0,0,0,0,0,0,0,0,0,0,1
62,Blockchain Developer Shiftu Technology,Shiftu Technology Pvt.Ltd,2,5,NA,NA,"Computer science,Mining,Backend,Coding,Wordpress,SCALA,Manager Technology,HTML",1,0,1,0,0,1,1,0,0,1,1,0,0,0,0,0,1,0,0,0,0,0,0,0,0,0,0,0,0,0,0
63,Blockchain Developer,Silicon IT Hub Pvt. Ltd,1,3,NA,NA,"Basic,SIDE,C++,Networking,Javascript,Data structures,Research,Open source",0,0,1,0,1,0,0,1,0,0,0,0,0,1,0,0,0,0,0,0,0,0,0,0,0,0,0,0,0,0,0
64,BLOCKCHAIN DEVELOPER,Cilans System,5,10,NA,NA,"Front end,Coding,html5,Front end design,Cloud,Technical architecture,Management,Middleware",0,0,1,0,0,0,0,0,0,0,0,0,0,0,0,0,0,0,0,0,1,0,0,0,0,1,0,0,0,0,0
65,Blockchain Expert,Oakbells Private Limited,1,5,NA,NA,"algorithms,C++,Javascript",0,0,1,0,0,0,0,1,0,0,0,0,0,0,0,0,0,0,0,0,0,0,1,0,0,0,0,0,0,0,0
66,Immediate Opening For Blockchain Developer @ EMIS Health India Pvt Ltd,Emis Health India Private Limited,5,7,NA,NA,"Hyperledger,Blockchain,AWS",0,0,0,0,1,0,0,0,0,1,0,0,0,0,0,0,0,0,0,0,0,0,0,0,0,0,0,0,0,0,0
67,Blockchain Developer - Hyperledger,Careerera,2,4,NA,NA,"Networking,Programming,Customer support,HR,network architecture,Monitoring,Software services",0,0,0,0,0,0,0,0,0,1,0,0,0,0,0,0,0,0,0,0,0,0,0,1,0,0,0,0,0,0,0
68,Blockchain Developer,Global Talent Pool,3,6,NA,NA,"Computer science,data security,Financial analysis,Programming,Manager Technology,Data structures,Mathematics,Research",0,0,0,0,0,0,0,0,0,0,1,0,0,0,0,0,0,0,0,0,0,0,0,0,0,0,0,0,0,0,0
69,BLOCKCHAIN DEVELOPER,Blocklogy Edutech Private Limited,1,6,NA,NA,"E-learning,Front end,Version control,GIT,Networking,Javascript,Deployment,test driven development",1,0,1,0,0,0,0,0,0,0,1,0,0,0,0,0,0,0,0,0,1,0,0,0,0,0,0,0,0,0,0
70,UX Designer Blockchain Startup Decentralized Vision,CareerXperts Consulting,4,9,NA,NA,"QA,adobe creative suite,Illustration,SAAS,Consulting,product life cycle,Product design,Research",0,0,0,0,0,0,0,0,0,0,0,0,0,0,0,0,0,0,0,0,0,0,0,0,0,0,0,1,1,0,0
71,Blockchain Developer,Connecting 2 Work,2,6,NA,NA,"SIDE,C++,Javascript,Data structures,Research,Open source,Cryptography,Testing",0,0,1,1,1,0,0,1,0,0,0,0,0,0,0,0,0,0,0,0,0,0,0,0,0,0,0,0,0,0,0
72,BLOCKCHAIN DEVELOPER (CORDA),MJ Softtech India Pvt. Ltd.,3,8,NA,NA,"MS SQL,Linux,Networking,Coding,Postgresql,Agile,Telecommunication,Application development",0,0,1,0,1,0,0,0,0,1,1,1,0,0,0,0,0,0,0,0,0,0,0,0,0,0,0,0,0,0,0
73,Blockchain Developer,Calibraint Technologies,1,3,NA,NA,"IT Skills,Java,Software Development,Selenium,Automation Testing,Javascript,Product quality,SIDE",1,0,1,0,1,0,0,0,0,0,1,0,0,0,0,0,0,0,0,0,1,0,1,0,0,0,0,0,0,0,0
74,Blockchain Developer,OpenCubicles Technologies Pvt Ltd,1,3,NA,NA,"Coding,Testing tools",1,0,0,0,0,0,0,0,0,1,1,0,0,0,0,0,0,0,0,0,0,0,0,0,0,0,0,0,0,0,0
75,Blockchain JAVA Developer,HuQuo Consulting Pvt. Ltd.,3,8,NA,NA,"Java EE,IntelliJ,Maven,Hibernate,Tomcat,JUnit,Couchdb,Spring Boot",0,0,1,0,1,0,0,0,0,1,1,1,0,0,1,0,0,0,0,0,0,0,0,0,0,1,0,0,1,0,0
76,Java Developer - Blockchain Technologies,Huquo Consulting Pvt. Ltd,2,7,NA,NA,"Java,IBM Websphere,Hibernate,Tomcat,JBoss,Blockchain,J2EE,Spring Boot",0,0,1,0,1,0,0,0,0,1,1,1,0,0,1,0,0,0,0,0,0,0,0,0,0,1,0,0,1,0,0
77,Java Developer - Blockchain Technologies,Huquo Consulting Pvt. Ltd,2,7,NA,NA,"Java EE,IntelliJ,Maven,IBM Websphere,Hibernate,Tomcat,JBoss,Spring Boot",0,0,0,0,1,0,0,0,0,1,1,1,0,0,0,0,0,0,0,0,0,0,0,0,0,1,0,0,1,0,0
78,Research & Development Manager - Blockchain Technologies,Career Maker,4,9,NA,NA,"Golang,R&D,Java,Cloud Computing,NoSQL,Hyperledger,Blockchain,Research & Development Manager",0,0,0,1,1,1,0,0,0,1,0,0,0,0,0,0,0,0,0,0,0,0,0,0,0,1,0,0,0,0,0
79,Blockchain Developer - Cryptography,S.A.W IT Services Pvt Ltd,2,5,NA,NA,"Blockchain,Cryptography,Algorithm,Data Structure",1,0,0,0,0,0,0,0,0,0,1,0,0,0,0,0,0,0,0,0,0,0,0,0,0,0,0,0,0,0,0
80,Java Developer - Blockchain/j2ee,Huquo Consulting Pvt. Ltd,3,8,NA,NA,"Java,Design Patterns,RDBMS,OOAD,Blockchain,R3 Corda,J2EE,NoSQL.Ethereum",0,0,1,0,1,0,0,0,0,1,1,1,0,0,1,0,0,0,0,0,0,0,0,0,0,1,0,0,1,0,0
81,Technical Lead - Java/blockchain Technologies,Huquo Consulting Pvt. Ltd,8,12,NA,NA,"Java,Hibernate,BDD,JBOSS,Blockchain,Agile,Javascript,J2EE",0,0,1,0,1,0,0,0,0,1,1,1,0,0,1,0,0,0,0,0,0,0,0,0,0,1,0,0,1,0,0
82,Blockchain Developer - Hyperledger,Spectrum Consulting,4,7,NA,NA,"Emerging Technologies,NoSQL,Hyperledger,Blockchain,Google Cloud Platform,Blockchain Architect,AWS,Emerging Cloud Technologies",0,0,0,0,0,0,0,0,0,1,0,0,0,0,0,0,0,0,0,0,0,0,0,0,1,1,0,0,0,0,0
83,Java Developer - Blockchain/J2EE,Huquo Consulting Pvt. Ltd,3,8,NA,NA,"Java,IBM Websphere,Java development,Software Development,Tomcat,JBoss,Relational Databases,Continuous Integration",0,0,0,0,1,0,0,0,0,1,1,1,0,0,0,0,0,0,0,0,0,0,0,0,0,1,0,0,1,0,0
84,Blockchain Developer,Happyhat Solution Pvt. Ltd,2,7,NA,NA,"C++,Algorithms,NoSQL,RDBMS,Data Structures,Web Technologies,Blockchain,Javascript",0,0,1,1,0,1,0,1,0,0,0,0,0,1,0,0,0,0,0,0,0,0,0,0,0,1,0,0,0,0,0
85,Blockchain Developers,Clustrex,0,3,NA,NA,"Developer,developing",0,0,0,0,0,0,0,0,0,0,1,0,0,0,0,0,0,0,0,0,0,0,0,0,0,0,0,0,0,0,0
86,Blockchain Engineer,Boppo Technologies Pvt. Ltd.,5,10,NA,NA,"operational support,development testing,UML,Technical design,Design development,Data structures,Research,Cryptography",0,0,0,0,0,0,0,0,0,1,1,0,0,0,0,0,0,0,0,0,0,0,0,0,0,0,0,0,1,0,0
87,Blockchain /block-chain Developer -  US MNC - Top 10 Software Co,Marga Placements,2,7,5,15,"IT Skills,Software Development,work from home,blockchain,block - chain,Hyperledger Fabric",0,0,0,0,0,0,0,0,0,1,0,0,0,0,0,0,0,0,0,0,0,0,0,0,0,0,0,0,0,0,0
88,Inside Sales | PMP | AI | ML | BlockChain | Data Science,www.careerera.com,1,6,3,5,"Data Science,Educational Sales,PMP,Sales,Artificial Intelligence,Business Development,block chain,cloud computing",0,0,0,0,0,0,0,0,0,0,0,0,0,0,0,0,0,0,0,0,0,0,0,0,0,1,0,0,0,0,0
89,BlockChain Developer,Quarec Resources Pvt Ltd,2,5,6,7,"blockchain,Github,Javascript,Node.Js",0,0,1,0,1,0,0,0,0,0,0,0,0,0,0,0,0,0,0,0,0,0,0,0,0,0,0,0,0,0,0
90,Blockchain Instructor/Consultant,Umenit,15,17,NA,NA,"Supply chain,Computer science,Administration,Technology management,Manager Quality Assurance,Project management,MIS,Instructor",0,0,0,0,0,0,0,0,0,0,1,1,0,1,0,0,0,0,0,0,0,0,0,0,0,0,0,0,0,0,0
91,Blockchain Analyst,BLOCKNOUS CONSULTANTS PRIVATE LIMITED,2,7,NA,NA,"ERP,Software development methodologies,Interpersonal skills,User interface designing,Business analysis,Project management,Agile,business rules",0,0,0,0,0,0,0,0,0,0,0,0,0,0,0,0,0,0,0,0,0,0,0,0,0,0,0,0,1,0,0
92,Blockchain Developer - Java/ Python,Confidential,4,8,NA,NA,"Application Development,Java,Communication Skills,Problem Solving,Go,Client Presentations,Python",1,0,0,1,1,1,0,0,0,1,1,0,0,0,0,0,0,0,0,0,0,0,0,0,0,0,0,0,0,0,0
93,Software Developer JavaScript / C++ / Go,Knackroot Technolabs LLP,0,3,1.5,5,"IT Skills,Angularjs,Javascript,C#,Angularjs,C++,C,Data Structures",0,0,1,0,0,0,0,1,0,0,0,0,0,0,0,0,0,0,0,0,0,0,0,0,0,0,0,0,0,0,0
94,Blockchain Developer,MM JAIN AGENCIES,6,11,8,15,"cloud,corda,blockchain,dlt",0,0,0,0,0,0,0,0,0,0,0,1,0,0,0,0,0,0,0,0,0,0,0,0,0,0,0,0,0,0,0
95,Trainer Block Chain,2COMS Consulting Pvt. Ltd.,0,5,0.9,3,"Block Chain,Trainer",1,0,1,0,0,0,0,0,0,0,1,0,0,0,0,0,0,0,0,0,0,0,0,0,0,0,0,0,0,0,0
96,Technical Lead / Architect / Head : Vinove Software Ltd.,Vinove Software and Services India,15,25,16,30,"IT Skills,Python,Machine Learning,DevOps,Sharepoint,front end,VP IT,Technology Head",0,0,1,0,0,1,0,0,0,0,0,0,0,0,0,0,0,0,0,0,0,0,0,0,0,0,0,0,0,0,0
97,Full Stack Developer - AngularJS/Node.js,Serving Skill,6,10,NA,NA,"IT Skills,Software Development,Cloud,Product Management,CSS,Javascript,AWS,Azure",0,0,1,0,0,0,0,0,0,1,1,1,0,1,0,0,0,0,0,0,1,0,0,0,0,1,0,0,1,0,0
98,Full Stack Developer - AngularJS/Node.js,Serving Skill,6,10,NA,NA,"IT Skills,Software Development,Cloud,Product Management,CSS,Javascript,AWS,Azure",0,0,1,0,0,0,0,0,0,1,1,1,0,1,0,0,0,0,0,0,1,0,0,0,0,1,0,0,1,0,0
99,Block Chain Software Engineer,"People First Consultants Pvt Ltd.,",1,6,NA,NA,"cloud,ci,Blockchain,agile,aws,azure",0,0,0,0,0,0,0,0,0,1,0,0,0,0,0,0,0,0,0,0,0,0,0,0,0,1,0,0,0,0,0
100,Devops Engineer  6 months To 1 year experince candidate,Orbit Global HR Consultants,0,1,1.75,2,"Linux,Installations,Software Engineering,Blockchain,Devops",0,0,1,0,1,0,0,0,0,0,0,0,0,0,0,0,0,0,0,0,0,0,0,0,0,0,0,0,0,0,0
101,Software Engineer - Full Stack Development - Java/python/typescript,Anram Solutions Pvt Ltd,3,5,NA,NA,"IT Skills,Java,Python,Testing,Product Management,React.js,Node.js,Javascript",0,1,1,1,1,1,1,0,0,0,0,0,0,0,0,0,0,0,0,0,1,1,0,0,0,0,0,0,1,0,0
102,Lead Software Engineer - Node.js/react.js,The Hiring Story,3,7,NA,NA,"MySQL,Blockchain,Kafka,Redis,Node.js,React.js",0,0,0,0,0,0,0,0,0,0,0,0,0,0,0,0,0,0,0,0,1,0,0,0,0,0,0,0,0,0,0
103,Full Stack Developer,Alpine Executive Search,4,8,6,12,"PostgreSQL,Agile development methodology.,JavaScript charting tools,AWS services,Blockchain,Tableau,Jasper Reports,web architecture",0,0,1,1,0,1,0,0,0,0,0,0,0,0,0,0,0,0,0,0,0,0,0,0,0,0,0,0,0,0,0
104,Block-chain Developer,SQL Computech Pvt. Ltd.,3,7,NA,NA,"Communication Skills,Solidity,Blockchain,Ethereum,Client Presentations,Smart",1,0,0,0,0,0,0,0,0,0,1,0,0,0,0,0,0,0,0,0,0,0,0,0,0,0,0,0,0,0,0
105,Full Stack Developer- Node.js/ AngularJS,HyrEzy Talent Solutions,3,7,NA,NA,"IT Skills,Node.js,Javascript,Angularjs,NoSQL,Typescript,OOPS,Finance",0,0,1,0,0,0,0,0,0,0,0,0,0,0,0,0,0,0,0,0,0,0,0,0,0,0,0,0,0,0,0
106,Full Stack Developer- Node.js/AngularJS,HyrEzy Talent Solutions,3,7,NA,NA,"IT Skills,Node.js,Javascript,Angularjs,NoSQL,Typescript,OOPS,Blockchain",0,0,1,0,0,0,0,0,0,0,0,0,0,0,0,0,0,0,0,0,0,0,0,0,0,0,0,0,0,0,0
107,Full Stack Developer- Node.js/AngularJS,HyrEzy Talent Solutions,3,7,NA,NA,"Angularjs,NoSQL,Typescript,OOPS,Blockchain,Node.Js,Angular,Javascript Frameworks",0,0,1,0,0,0,0,0,0,0,0,0,0,0,0,0,0,0,0,0,0,0,0,0,0,0,0,0,0,0,0
108,"Software Engineer, Full-stack/front-end",request.org,0,2,0.5,0.8,"CSS,Rest,Front End,PHP Developer,Software Engineering,Ubuntu Linux,Html5,MySQL",0,0,1,0,0,1,0,0,0,0,0,0,0,0,0,0,0,0,0,0,1,0,0,0,0,0,0,0,1,0,0
109,Urgent Hiring For Blockcahin Developer Gurgaon For Startup,Symmetrical Global Search Private Limited,1,6,NA,NA,"IT Skills,Testing,Golang,Truffle,Data Structures,Blockchain,Smart Contracts,Object Oriented Programming",0,0,0,0,0,0,0,0,0,1,1,0,0,0,0,0,0,0,0,0,0,0,0,0,0,0,0,0,1,0,0
110,Devops Engineer,HANATECH SOLUTIONS PRIVATE LIMITED,4,7,NA,NA,"Cd,AWS Certified,phython,CI,Hadoop,Blockchain,System Administration,Production Systems",0,0,0,0,0,1,0,0,0,0,0,0,0,0,0,0,0,0,0,0,0,0,0,0,0,0,0,0,0,0,1
111,Chief Technical Officer - Algorithmic Trading/ Payments/ FinTech,Adept Global,8,13,NA,NA,"Payment Gateway, Payment System, CryptoCurrency, Java, Algorithmic Trading, Trading Application,Payments, C++",0,0,0,0,1,0,0,0,0,0,0,0,0,0,0,0,0,0,0,0,1,0,0,0,0,0,0,0,0,0,0
112,Full Stack Developer - AngularJS/Node.js,Serving Skill,6,10,NA,NA,"AngularJS,Azure, MeteorJS,Blockchain,Full Stack,Node.js,SDLC,JavaScript",0,0,1,0,0,0,0,0,0,1,1,1,0,1,0,0,0,0,0,0,1,0,0,0,0,1,0,0,1,0,0
113,Full Stack Developer - AngularJS/Node.js,Serving Skill,6,10,NA,NA,"AngularJS,Azure,Blockchain,Javascript,Agile,Full Stack,Node.js,React.js",0,0,1,0,0,0,0,0,0,1,1,1,0,1,0,0,0,0,0,0,1,0,0,0,0,1,0,0,1,0,0
114,Full Stack Developer - Angularjs/node.js,Serving Skill,6,10,NA,NA,"AngularJS,Azure,Full Stack Developer,Blockchain,Javascript,Agile,Full Stack,Node.js",0,0,1,0,0,0,0,0,0,1,1,1,0,1,0,0,0,0,0,0,1,0,0,0,0,1,0,0,1,0,0
115,Full Stack Developer - Angularjs/ Node.js,Serving Skill,6,10,NA,NA,"AngularJS,Azure,Blockchain,Javascript,Agile,Full Stack,Node.js,React.js",0,0,1,0,0,0,0,0,0,1,1,1,0,1,0,0,0,0,0,0,1,0,0,0,0,1,0,0,1,0,0
116,Full Stack Software Engineer - Bpmn/ Camunda/oauth,Kapital Consultant,5,7,NA,NA,"IT Skills,Java,Software Development,Angularjs,HTML,CSS,BPMN,Java",0,0,0,0,1,0,0,0,0,0,0,0,0,0,0,0,0,0,0,0,0,0,0,0,0,0,0,0,0,0,0
117,Senior Software Engineer - Full Stack Python Development,Oloid AI,5,10,NA,NA,"IT Skills,Python,AWS,Tensorflow,Configuration Management Tools,Shell Scripting,Image Processing,OpenGL",0,0,0,0,0,1,0,0,0,0,0,0,0,0,0,0,0,0,0,0,0,0,0,0,0,0,0,0,0,0,0
118,Sr Software engineer - Full Stack,Uber,8,10,NA,NA,"Backend,Architecture,Coding,Cloud Services,Agile development,Debugging,Data structures,HTML",0,0,1,0,1,0,0,0,0,0,0,0,0,0,0,0,0,0,0,0,1,0,0,0,0,1,0,0,0,0,0
119,Sr. Software Engineer (Full Stack) - Business Solutions,Visa Inc,3,7,NA,NA,"IT Skills,Java,J2EE,Software Development,Oracle,HTML,CSS,Javascript",0,0,1,0,1,0,0,0,0,0,0,0,0,0,0,0,0,0,0,0,1,0,0,0,0,0,0,0,0,0,0
120,Senior Software Engineer - Full Stack(Java & Angular),Visa Inc,4,6,NA,NA,"IT Skills,Java,Cloud,HTML,CSS,Javascript,AWS,Azure",0,0,1,0,1,0,0,0,0,0,0,0,0,0,0,0,0,0,0,0,0,0,0,0,0,1,0,0,0,0,1
121,Software Principal Engineer Java Full Stack,Dell International Services India  Private Limited,10,12,NA,NA,"Java,CSS,Spring Mvc,Html5,Web Technologies,MVC Framework,Javascript,Angular",0,0,1,0,1,0,0,0,0,0,0,0,0,0,0,0,0,0,0,0,0,0,0,0,0,0,0,0,0,0,0
122,Hiring For Senior Software Engineer- Full Stack,Morningstar India (P) Ltd.,4,8,9,14,"C#,Vue.Js,Software Development,Front End,Vue,Javascript,ASP.Net,.Net",0,0,1,0,1,1,0,0,0,0,0,0,0,0,0,0,0,0,0,0,1,0,0,0,0,1,0,0,1,0,0
123,Inside Sales Data Science | Digital Marketing | Cloud Computing,www.careerera.com,1,6,NA,NA,"Data Science,Educational Sales,PMP,Sales,Artificial Intelligence,Business Development,block chain,cloud computing",0,0,0,0,0,0,0,0,0,0,0,0,0,0,0,0,0,0,0,0,0,0,0,0,0,1,0,0,0,0,0
124,Bulk Hiring | Inside Sales | Education Sales | PMP| Data Science,www.careerera.com,1,6,NA,NA,"Data Science,Educational Sales,PMP,Sales,Artificial Intelligence,Business Development,block chain,cloud computing",0,0,0,0,0,0,0,0,0,0,0,0,0,0,0,0,0,0,0,0,0,0,0,0,0,1,0,0,0,0,0
125,Urgent Hiring For Sr. Counselor | Immediate Joiner |,www.careerera.com,1,6,NA,NA,"Data Science,Educational Sales,PMP,Sales,Artificial Intelligence,Business Development,block chain,cloud computing",0,0,0,0,0,0,0,0,0,0,0,0,0,0,0,0,0,0,0,0,0,0,0,0,0,1,0,0,0,0,0
126,Sr. Counselor | Immediate Joiner | Work From Office,www.careerera.com,1,6,NA,NA,"Data Science,Educational Sales,PMP,Sales,Artificial Intelligence,Business Development,block chain,cloud computing",0,0,0,0,0,0,0,0,0,0,0,0,0,0,0,0,0,0,0,0,0,0,0,0,0,1,0,0,0,0,0
127,Hiring For IT Counselor | Data Science| Cloud Computing,www.careerera.com,1,6,NA,NA,"Data Science,Educational Sales,PMP,Sales,Artificial Intelligence,Business Development,block chain,cloud computing",0,0,0,0,0,0,0,0,0,0,0,0,0,0,0,0,0,0,0,0,0,0,0,0,0,1,0,0,0,0,0
128,Inside Sales | Data Science| Cloud Computing,www.careerera.com,1,6,NA,NA,"Data Science,Educational Sales,PMP,Sales,Artificial Intelligence,Business Development,block chain,cloud computing",0,0,0,0,0,0,0,0,0,0,0,0,0,0,0,0,0,0,0,0,0,0,0,0,0,1,0,0,0,0,0
129,Career Counselor | Education Counselor,www.careerera.com,1,6,NA,NA,"Data Science,Educational Sales,PMP,Sales,Artificial Intelligence,Business Development,block chain,cloud computing",0,0,0,0,0,0,0,0,0,0,0,0,0,0,0,0,0,0,0,0,0,0,0,0,0,1,0,0,0,0,0
130,Mega Opening For Career Counselor,www.careerera.com,1,6,NA,NA,"Data Science,Educational Sales,PMP,Sales,Artificial Intelligence,Business Development,block chain,cloud computing",0,0,0,0,0,0,0,0,0,0,0,0,0,0,0,0,0,0,0,0,0,0,0,0,0,1,0,0,0,0,0
131,Attractive Opening For Inside Sales | Data Science| Cloud Computing,www.careerera.com,1,6,NA,NA,"Data Science,Educational Sales,PMP,Sales,Artificial Intelligence,Business Development,block chain,cloud computing",0,0,0,0,0,0,0,0,0,0,0,0,0,0,0,0,0,0,0,0,0,0,0,0,0,1,0,0,0,0,0
132,Mega Opening For Inside Sales | IT Certification,www.careerera.com,1,6,NA,NA,"Data Science,Educational Sales,PMP,Sales,Artificial Intelligence,Business Development,block chain,cloud computing",0,0,0,0,0,0,0,0,0,0,0,0,0,0,0,0,0,0,0,0,0,0,0,0,0,1,0,0,0,0,0
133,Inside Sales Digital Marketing | Data Science | Cloud Computing,www.careerera.com,1,6,NA,NA,"Data Science,Educational Sales,PMP,Sales,Artificial Intelligence,Business Development,block chain,cloud computing",0,0,0,0,0,0,0,0,0,0,0,0,0,0,0,0,0,0,0,0,0,0,0,0,0,1,0,0,0,0,0
134,Inside Sales Digital Marketing | Data Science | AI,www.careerera.com,1,6,NA,NA,"Data Science,Educational Sales,PMP,Sales,Artificial Intelligence,Business Development,block chain,cloud computing",0,0,0,0,0,0,0,0,0,0,0,0,0,0,0,0,0,0,0,0,0,0,0,0,0,1,0,0,0,0,0
135,Solidity Developer,Imuons Web Solutions Private Limited,1,3,NA,NA,"metamask,laravel,geth,github,web3.js,testrpc,laravel php,ethereum blockchain",1,0,1,0,1,1,0,0,1,1,1,0,1,0,0,0,0,0,0,0,0,0,0,0,0,0,0,0,0,0,0
136,Trainee Software Engineer / Developer C#.Net,FCS Software Solutions Limited,0,1,0.5,2.5,"C#,Dotnet Programmer,Dotnet Developer,.Net,ASP.Net,software engineer",0,0,0,0,0,0,0,0,0,0,0,0,0,0,0,0,0,0,0,0,0,0,0,0,0,0,0,0,1,0,0
137,Full Stack Software Engineer - Node.js Development,Oloid AI,5,8,NA,NA,"RESTful API,Lean Startup Methodologies,Javascript,Full Stack,Node.js,MongoDB,React.js,Startup",0,0,1,0,0,0,0,0,0,0,0,0,0,0,0,0,0,0,0,1,0,0,0,0,0,0,0,0,0,0,0
138,Java Full Stack - Senior Software Engineer,Tavant Technologies India Pvt. Ltd.,5,8,NA,NA,Javascript,0,0,0,0,1,0,0,0,0,0,0,0,0,0,0,0,0,0,0,0,1,0,0,0,0,0,0,0,0,0,0
139,Senior Software Engineer - Full Stack,Visa Inc,4,9,NA,NA,"Automation,Linux,MySQL,Debugging,Javascript,Agile,Workflow,Windows",0,0,1,0,1,0,0,0,0,0,0,0,0,0,0,0,0,0,0,0,0,0,0,0,0,1,0,0,0,0,1
140,Software Engineer II - Full Stack Payment Processing,Uber,1,4,NA,NA,"Computer science,SAN,Backend,Coding,Web development,Machine learning,HTML,Load balancing",0,0,0,1,1,0,0,1,0,0,0,0,0,0,0,0,0,0,0,0,0,0,0,0,0,0,0,0,0,0,0
141,Development Head cum Technical Architect,AQB Solutions Private Limited,12,18,NA,NA,"IT Skills,Python,Machine Learning,Cloud,DevOps,AWS,Rest,Blockchain",0,0,0,0,0,0,0,0,0,0,0,0,0,0,0,0,0,0,0,0,0,0,0,0,0,1,0,0,0,0,0
142,Lead Software Engineer - Node.js/ React.js,The Hiring Story,3,7,NA,NA,"MySQL,Blockchain,Kafka,Redis,Node.js,React.js",0,0,0,0,0,0,0,0,0,0,0,0,0,0,0,0,0,0,0,0,1,0,0,0,0,0,0,0,0,0,0
143,Software Engineer,CLDM SOFT,0,3,NA,NA,"requirements,development,software development,be,software,testing,it,java",0,0,0,0,1,0,0,0,0,0,0,0,0,0,0,0,0,0,0,0,0,0,0,0,0,0,0,0,1,0,0
144,Software Engineer ( Contractual,Skillsoft,0,1,NA,NA,"Product management,Computer science,Linux,Powershell,Shell scripting,Debugging,Javascript,Windows",0,0,0,0,0,0,0,0,0,0,0,0,0,0,0,0,0,0,0,0,0,0,0,0,0,1,0,0,1,0,0
145,"Software Development Engineering, Trainee",Fiserv India Pvt Ltd,0,1,NA,NA,"Analytical skills,Application support,development,interfaces,technical,analytical,software,Finance",0,0,0,0,0,0,0,0,0,0,0,0,0,0,0,0,0,0,0,0,0,0,0,0,0,0,0,0,1,0,0
146,Full Stack Developer | Disruptive Fin-tech product Startup,Unnati,2,6,14,24,"algorithms,python,backend framework,Rest APIs,Blockchain,Node.js,full stack engineer,react native",0,0,0,0,0,1,0,0,0,0,0,0,0,0,0,0,0,0,0,0,1,0,0,0,0,0,0,0,0,0,0
147,Full Stack Engineer,Snaphunt,0,5,NA,NA,"Java,CSS,C++,Windows OS,Software Engineering,Web Technologies,Html5,Programming",0,0,0,0,1,0,0,1,0,0,0,0,0,0,0,0,0,0,0,0,0,0,0,0,0,0,0,0,0,0,0
148,Senior Software Engineer ( Full Stack ),Skillsoft,2,5,NA,NA,"Unix,Maven,Software design,GIT,Linux,Coding,Project management,Debugging",0,0,1,0,1,0,0,0,0,0,0,0,0,0,0,0,0,0,0,1,1,0,0,0,0,0,0,0,1,0,1
149,"Software Engineer, Software Developer",AINE Info Tech Pvt Ltd,0,2,5.5,10,"IT Skills,Java,Cloud,AWS,work from home,automation framework,software development,html developer",0,1,0,0,1,0,0,0,0,0,0,0,0,0,0,0,0,0,0,0,0,0,0,0,0,1,0,0,0,0,0
150,software Engineer,Trainingsasaservice,0,2,NA,NA,"Computer science,Test management,Programming,Room,Asap",0,0,0,1,1,0,0,0,0,0,0,0,0,0,0,0,0,0,0,0,0,0,0,0,0,0,0,0,0,0,0
151,Software Engineer I,Teamware Solutions,0,3,NA,NA,"PDF,Testing tools,Javascript,Agile,Scrum,Test cases,Troubleshooting,Adobe",0,0,1,0,1,1,0,0,0,0,0,0,0,0,0,0,0,0,0,0,0,0,0,0,0,0,0,0,1,0,0
152,Trainee Software Engineer,Apogaeis Technologies,0,1,NA,NA,"IT Skills,Java,Python,PHP,Cloud,CSS,Hibernate,jQuery",0,0,1,1,1,1,0,0,0,0,0,0,0,0,0,0,0,0,0,0,0,0,0,0,0,1,0,0,0,0,0
